adelinadabu,Adelina Dabu
adrianaavram,Adriana Avram
adrianaspulber,Adriana Spulber
adrianpatrascu,Adrian Pătrașcu
adriansandu,Adrian Sandu
alexandralucescu,Alexandra Lucescu
alexandralupu,Alexandra Lupu
alexandrarusu,Alexandra Rusu
alexandrualbu,Alexandru Albu
alexandrualbu-,Alexandru Albu
alexandruardelean,Alexandru Ardelean
alexandruene,Alexandru Ene
alexandruionuthodorogea,Alexandru Ionuț Hodorogea
alexcostea,Alex Costea
alexmitan,Alex Mitan
alexmorega,Alex Morega
alinastroe,Alina Stroe
alinchiuaru,Alin Chiuaru
alinvancea,Alin Vancea
anaiugulescu,Ana Iugulescu
anaopris,Ana Opriș
ancastan,Anca Stan
andrabrinzaniuc,Andra Brînzaniuc
andradanalachi,Andra Danalachi
andrapopazu,Andra Popazu
andraslaats,Andra Slaats
andreeajurj,Andreea Jurj
andreiantal,Andrei Antal
andreibosoiu,Andrei Bosoiu
andreibouariu,Andrei Bouariu
andreiionita,Andrei Ioniță
andreimarin,Andrei Marin
andreimitrea,Andrei Mitrea
andreinastasiu,Andrei Nastasiu
andreionel,Andrei Onel
antoanetaopris,Antoaneta Opriș
augustinciubotariu,Augustin Ciubotariu
biancaantohe,Bianca Antohe
bogdanbugarschi,Bogdan Bugarschi
bogdancoman,Bogdan Coman
bogdanioan,Bogdan Ioan
bogdanivanel,Bogdan Ivănel
bogdanluca,Bogdan Luca
bogdannechita,Bogdan Nechita
bogdanpestritu,Bogdan Pestrițu
bogdanvizureanu,Bogdan Vizureanu
calincristianciubotariu,Călin Cristian Ciubotariu
calingeorgescu,Călin Georgescu
casandrapopescu,Casandra Popescu
catalinacajvaneanu,Catalina Cajvaneanu
catalinacoca,Catalina Coca
catalincioloca,Cătălin Cioloca
catalintrandafir,Cătălin Trandafir
catalintudorache,Cătălin Tudorache
catalinzmole,Cătălin Zmole
ciprianamaritei,Ciprian Amariței
ciprianchichirita,Ciprian Chichiriță
claudiutufis,Claudiu Tufis
codrutaparvu,Codruța Pârvu
corinatoma,Corina Toma
cornelchintoi,Cornel Chintoi
corneliuchitanu,Corneliu Chițanu
cosmincebuc,Cosmin Cebuc
costinaldea,Costin Aldea
costinbleotu,Costin Bleotu
costinelanistor,Costinela Nistor
cristianabardeanu,Cristiana Bardeanu
cristianacostin,Cristiana Costin
cristianbalulescu,Cristian Balulescu
cristianiovanut,Cristian Iovănuț
cristigraunte,Cristi Grăunte
cristijuverdeanu,Cristi Juverdeanu
cristinabradusca,Cristina Bradusca
cristinafilimon,Cristina Filimon
cristinakoncsag,Cristina Koncsag
cristinapintilie,Cristina Pintilie
crististoicescu,Cristi Stoicescu
danapascu,Dana Pascu
danflaviuscorde,Dan-Flavius Corde
danielbondas,Daniel Bondas
danielchirila,Daniel Chirilă
danielmihai,Daniel Mihai
danjecan,Dan Jecan
dianadan,Diana Dan
dianafurtuna,Diana Furtuna
dragosbodea,Dragoș Bodea
dragoscostache,Dragoș Costache
dragoshont,Dragoș Honț
dragossilion,Dragoș Silion
eddievlagea,Eddie Vlagea
elenagherasim,Elena Gherasim
elianablag,Eliana Blag
elizaangelicosman,Eliza Angeli Cosman
emilianlosneanu,Emilian Losneanu
florinciurcanu,Florin Ciurcanu
florindanemilpalimaru,Florin Dan Emil Palimaru
gabrieladima,Gabriela Dima
georgebogdanivanov,George Bogdan Ivanov
georgeirimescu,George Irimescu
gheorghecornea,Gheorghe Cornea
gheorghelupu,Gheorghe Lupu
gratieladumitrica,Grațiela Dumitrica
ilincaispas,Ilinca Ispas
ioanbotez,Ioan Botez
ioanmaga,Ioan Maga
ioannatanga,Ioan Natanga
ionutapopei,Ionuț Apopei
ionutciocirlan,Ionuț Ciocîrlan
ionutlepadatescu,Ionut Lepadatescu
ionutmaximmargelatu,Ionuț-Maxim Mărgelatu
ionutmorcosanu,Ionuț Morcoșanu
irinaborozan,Irina Borozan
irinadumitrascu,Irina Dumitrașcu
irinamihai,Irina Mihai
irinaraicu,Irina Raicu
iulianaagafitei,Iuliana Agafiței
lauraleonte,Laura Leonte
laurentiuchivu,Laurențiu Chivu
laviniamihut,Lavinia Mihuț
lidianecula,Lidia Necula
loredanasabau,Loredana Sabău
lucaciubotaru,Luca Ciubotaru
lucianhutanu,Lucian Hutanu
lucianursu,Lucian Ursu
manuelenache,Manuel Enache
mariacucu,Maria Cucu
mariakrause,Maria Krause
marianeicu,Maria Neicu
mihaelaciobanu,Mihaela Ciobanu
mihaelapojoga,Mihaela Pojoga
mihaidobos,Mihai Doboș
mihailupoae,Mihai Lupoae
mihainica,Mihai Nica
mihaioprea,Mihai Oprea
mihaipopescu,Mihai Popescu
mihneabeldescu,Mihnea Beldescu
mirceabotez,Mircea Botez
mirceahalmagean,Mircea Hălmăgean
mirceaiurcu,Mircea Iurcu
mirelalalu,Mirela Lalu
nicuurs,Nicu Urs
oanadespan,Oana Despan
oanahategan,Oana Hațegan
octaviandavid,Octavian David
octavianganea,Octavian Ganea
olgaanghel,Olga Anghel
oliviavereha,Olivia Vereha
ovidiubularda,Ovidiu Bularda
ovidiuponcea,Ovidiu Poncea
patriciarosu,Patricia Roșu
paulraetchi,Paul Raetchi
petredamoc,Petre Damoc
radubozga,Radu Bozga
radugabrielcristianghiorma,Radu Gabriel Cristian Ghiorma
radujakab,Radu Jakab
radustefanescu,Radu Ștefănescu
raduvucea,Radu Vucea
ralucaalexandru,Raluca Alexandru
ralucabuzea,Raluca Buzea
ralucagolescu,Raluca Golescu
ramonacocias,Ramona Cociaș
ramonavaleanu,Ramona Valeanu
raresurdea,Rareș Urdea
razvangherghina,Răzvan Gherghina
razvanpat,Răzvan Pat
razvanpavel,Răzvan Pavel
razvansilviutosa,Răzvan Silviu Tosa
robertbadea,Robert Badea
roberthasna,Robert Hasna
roxanaroca,Roxana Roca
ruxandrafrangeti,Ruxandra Frangeti
ruxandranita,Ruxandra Nița
ruxandrapui,Ruxandra Pui
sabinaalexandrastefanescu,Sabina-Alexandra Ștefănescu
sandafoamete,Sanda Foamete
sebastiangabor,Sebastian Gabor
serbanandreinicolae,Șerban Andrei Nicolae
serbanchiricescu,Șerban Chiricescu
serbandin,Șerban Din
sergiumunteanu,Sergiu Munteanu
silviapetcu,Silvia Petcu
simonacalapodescu,Simona Calapodescu
sorinangheluta,Sorin Angheluta
stefanmarogel,Ștefan Marogel
stelianamoraru,Steliana Moraru
teodordecu,Teodor Decu
tudorfil,Tudor Fil
tudorjuravlea,Tudor Juravlea
tudormarze,Tudor Marze
tudortofan,Tudor Tofan
valentinkrancevik,Valentin Krancevik
veronicamihai,Veronica Mihai
victorcleja,Victor Cleja
victorcosmaciuc,Victor Cosmaciuc
viorelsfetea,Viorel Sfetea
vitalielazu,Vitalie Lazu
vladdinulescu,Vlad Dinulescu
vladfratila,Vlad Fratila
vladsanta,Vlad Santa
